{"cameraMode":{"drawMode":0,"name":"Shaded","section":"Shading Mode"},"sceneLighting":true,"audioPlay":false,"sceneViewState":{"showFog":true,"showMaterialUpdate":false,"showSkybox":true,"showFlares":true,"showImageEffects":true,"showParticleSystems":true},"in2DMode":false,"pivot":{"x":-6.064022064208984,"y":-3.4945497512817385,"z":-0.04441070556640625},"rotation":{"x":-0.15246082842350007,"y":0.4252457022666931,"z":-0.07291226834058762,"w":-0.8891600966453552},"size":58.566043853759769,"orthographic":false}