{"cameraMode":{"drawMode":0,"name":"Shaded","section":"Shading Mode"},"sceneLighting":true,"audioPlay":false,"sceneViewState":{"showFog":true,"showMaterialUpdate":false,"showSkybox":true,"showFlares":true,"showImageEffects":true,"showParticleSystems":true},"in2DMode":false,"pivot":{"x":2.0287158489227297,"y":0.09343910217285156,"z":1.3990280628204346},"rotation":{"x":-0.09737543761730194,"y":-0.7794443964958191,"z":0.1252388209104538,"w":-0.606052577495575},"size":5.213381290435791,"orthographic":false}